label,D_med,n2_req_lac,flag_lac,n2_req_nh4,flag_nh4,n2_req_binding,binding,ratio_lac,ratio_nh4,S_target_lac,S_target_nh4
S_ss = 1.5 x S_ref,0.0,167.0237810244571,balance_ok,71.93179811536582,balance_ok,167.0237810244571,lac,474.176076040362,204.21246342086596,15.0,2.25
S_ss = 1.5 x S_ref,0.05,0.0,perfusion_handles_all,16.480212446820214,balance_ok,16.480212446820214,nh4,0.0,46.78688521127701,15.0,2.25
S_ss = 1.5 x S_ref,0.1,0.0,perfusion_handles_all,0.0,perfusion_handles_all,0.0,lac,0.0,0.0,15.0,2.25
S_ss = 1.5 x S_ref,0.15000000000000002,0.0,perfusion_handles_all,0.0,perfusion_handles_all,0.0,lac,0.0,0.0,15.0,2.25
S_ss = 1.5 x S_ref,0.2,0.0,perfusion_handles_all,0.0,perfusion_handles_all,0.0,lac,0.0,0.0,15.0,2.25
S_ss = 1.5 x S_ref,0.25,0.0,perfusion_handles_all,0.0,perfusion_handles_all,0.0,lac,0.0,0.0,15.0,2.25
S_ss = 1.5 x S_ref,0.30000000000000004,0.0,perfusion_handles_all,0.0,perfusion_handles_all,0.0,lac,0.0,0.0,15.0,2.25
S_ss = 1.5 x S_ref,0.35000000000000003,0.0,perfusion_handles_all,0.0,perfusion_handles_all,0.0,lac,0.0,0.0,15.0,2.25
S_ss = 1.5 x S_ref,0.4,0.0,perfusion_handles_all,0.0,perfusion_handles_all,0.0,lac,0.0,0.0,15.0,2.25
S_ss = 1.5 x S_ref,0.45,0.0,perfusion_handles_all,0.0,perfusion_handles_all,0.0,lac,0.0,0.0,15.0,2.25
S_ss = 1.5 x S_ref,0.5,0.0,perfusion_handles_all,0.0,perfusion_handles_all,0.0,lac,0.0,0.0,15.0,2.25
S_ss = 1.5 x S_ref,0.55,0.0,perfusion_handles_all,0.0,perfusion_handles_all,0.0,lac,0.0,0.0,15.0,2.25
S_ss = 1.5 x S_ref,0.6000000000000001,0.0,perfusion_handles_all,0.0,perfusion_handles_all,0.0,lac,0.0,0.0,15.0,2.25
S_ss = 1.5 x S_ref,0.65,0.0,perfusion_handles_all,0.0,perfusion_handles_all,0.0,lac,0.0,0.0,15.0,2.25
S_ss = 1.5 x S_ref,0.7000000000000001,0.0,perfusion_handles_all,0.0,perfusion_handles_all,0.0,lac,0.0,0.0,15.0,2.25
S_ss = 1.5 x S_ref,0.75,0.0,perfusion_handles_all,0.0,perfusion_handles_all,0.0,lac,0.0,0.0,15.0,2.25
S_ss = 1.5 x S_ref,0.8,0.0,perfusion_handles_all,0.0,perfusion_handles_all,0.0,lac,0.0,0.0,15.0,2.25
S_ss = 1.5 x S_ref,0.8500000000000001,0.0,perfusion_handles_all,0.0,perfusion_handles_all,0.0,lac,0.0,0.0,15.0,2.25
S_ss = 1.5 x S_ref,0.9,0.0,perfusion_handles_all,0.0,perfusion_handles_all,0.0,lac,0.0,0.0,15.0,2.25
S_ss = 1.5 x S_ref,0.9500000000000001,0.0,perfusion_handles_all,0.0,perfusion_handles_all,0.0,lac,0.0,0.0,15.0,2.25
S_ss = 1.5 x S_ref,1.0,0.0,perfusion_handles_all,0.0,perfusion_handles_all,0.0,lac,0.0,0.0,15.0,2.25
S_ss = 1.25 x S_ref,0.0,167.0237810244571,balance_ok,71.93179811536582,balance_ok,167.0237810244571,lac,474.176076040362,204.21246342086596,12.5,1.875
S_ss = 1.25 x S_ref,0.05,0.0,perfusion_handles_all,27.19894678996692,balance_ok,27.19894678996692,nh4,0.0,77.21708718478004,12.5,1.875
S_ss = 1.25 x S_ref,0.1,0.0,perfusion_handles_all,0.0,perfusion_handles_all,0.0,lac,0.0,0.0,12.5,1.875
S_ss = 1.25 x S_ref,0.15000000000000002,0.0,perfusion_handles_all,0.0,perfusion_handles_all,0.0,lac,0.0,0.0,12.5,1.875
S_ss = 1.25 x S_ref,0.2,0.0,perfusion_handles_all,0.0,perfusion_handles_all,0.0,lac,0.0,0.0,12.5,1.875
S_ss = 1.25 x S_ref,0.25,0.0,perfusion_handles_all,0.0,perfusion_handles_all,0.0,lac,0.0,0.0,12.5,1.875
S_ss = 1.25 x S_ref,0.30000000000000004,0.0,perfusion_handles_all,0.0,perfusion_handles_all,0.0,lac,0.0,0.0,12.5,1.875
S_ss = 1.25 x S_ref,0.35000000000000003,0.0,perfusion_handles_all,0.0,perfusion_handles_all,0.0,lac,0.0,0.0,12.5,1.875
S_ss = 1.25 x S_ref,0.4,0.0,perfusion_handles_all,0.0,perfusion_handles_all,0.0,lac,0.0,0.0,12.5,1.875
S_ss = 1.25 x S_ref,0.45,0.0,perfusion_handles_all,0.0,perfusion_handles_all,0.0,lac,0.0,0.0,12.5,1.875
S_ss = 1.25 x S_ref,0.5,0.0,perfusion_handles_all,0.0,perfusion_handles_all,0.0,lac,0.0,0.0,12.5,1.875
S_ss = 1.25 x S_ref,0.55,0.0,perfusion_handles_all,0.0,perfusion_handles_all,0.0,lac,0.0,0.0,12.5,1.875
S_ss = 1.25 x S_ref,0.6000000000000001,0.0,perfusion_handles_all,0.0,perfusion_handles_all,0.0,lac,0.0,0.0,12.5,1.875
S_ss = 1.25 x S_ref,0.65,0.0,perfusion_handles_all,0.0,perfusion_handles_all,0.0,lac,0.0,0.0,12.5,1.875
S_ss = 1.25 x S_ref,0.7000000000000001,0.0,perfusion_handles_all,0.0,perfusion_handles_all,0.0,lac,0.0,0.0,12.5,1.875
S_ss = 1.25 x S_ref,0.75,0.0,perfusion_handles_all,0.0,perfusion_handles_all,0.0,lac,0.0,0.0,12.5,1.875
S_ss = 1.25 x S_ref,0.8,0.0,perfusion_handles_all,0.0,perfusion_handles_all,0.0,lac,0.0,0.0,12.5,1.875
S_ss = 1.25 x S_ref,0.8500000000000001,0.0,perfusion_handles_all,0.0,perfusion_handles_all,0.0,lac,0.0,0.0,12.5,1.875
S_ss = 1.25 x S_ref,0.9,0.0,perfusion_handles_all,0.0,perfusion_handles_all,0.0,lac,0.0,0.0,12.5,1.875
S_ss = 1.25 x S_ref,0.9500000000000001,0.0,perfusion_handles_all,0.0,perfusion_handles_all,0.0,lac,0.0,0.0,12.5,1.875
S_ss = 1.25 x S_ref,1.0,0.0,perfusion_handles_all,0.0,perfusion_handles_all,0.0,lac,0.0,0.0,12.5,1.875
S_ss = S_ref (operating max),0.0,167.0237810244571,balance_ok,71.93179811536582,balance_ok,167.0237810244571,lac,474.176076040362,204.21246342086596,10.0,1.5
S_ss = S_ref (operating max),0.05,1.8586044798493477,balance_ok,37.917681133113625,balance_ok,37.917681133113625,nh4,5.276528729983386,107.64728915828306,10.0,1.5
S_ss = S_ref (operating max),0.1,0.0,perfusion_handles_all,3.903564150861423,balance_ok,3.903564150861423,nh4,0.0,11.082114895700157,10.0,1.5
S_ss = S_ref (operating max),0.15000000000000002,0.0,perfusion_handles_all,0.0,perfusion_handles_all,0.0,lac,0.0,0.0,10.0,1.5
S_ss = S_ref (operating max),0.2,0.0,perfusion_handles_all,0.0,perfusion_handles_all,0.0,lac,0.0,0.0,10.0,1.5
S_ss = S_ref (operating max),0.25,0.0,perfusion_handles_all,0.0,perfusion_handles_all,0.0,lac,0.0,0.0,10.0,1.5
S_ss = S_ref (operating max),0.30000000000000004,0.0,perfusion_handles_all,0.0,perfusion_handles_all,0.0,lac,0.0,0.0,10.0,1.5
S_ss = S_ref (operating max),0.35000000000000003,0.0,perfusion_handles_all,0.0,perfusion_handles_all,0.0,lac,0.0,0.0,10.0,1.5
S_ss = S_ref (operating max),0.4,0.0,perfusion_handles_all,0.0,perfusion_handles_all,0.0,lac,0.0,0.0,10.0,1.5
S_ss = S_ref (operating max),0.45,0.0,perfusion_handles_all,0.0,perfusion_handles_all,0.0,lac,0.0,0.0,10.0,1.5
S_ss = S_ref (operating max),0.5,0.0,perfusion_handles_all,0.0,perfusion_handles_all,0.0,lac,0.0,0.0,10.0,1.5
S_ss = S_ref (operating max),0.55,0.0,perfusion_handles_all,0.0,perfusion_handles_all,0.0,lac,0.0,0.0,10.0,1.5
S_ss = S_ref (operating max),0.6000000000000001,0.0,perfusion_handles_all,0.0,perfusion_handles_all,0.0,lac,0.0,0.0,10.0,1.5
S_ss = S_ref (operating max),0.65,0.0,perfusion_handles_all,0.0,perfusion_handles_all,0.0,lac,0.0,0.0,10.0,1.5
S_ss = S_ref (operating max),0.7000000000000001,0.0,perfusion_handles_all,0.0,perfusion_handles_all,0.0,lac,0.0,0.0,10.0,1.5
S_ss = S_ref (operating max),0.75,0.0,perfusion_handles_all,0.0,perfusion_handles_all,0.0,lac,0.0,0.0,10.0,1.5
S_ss = S_ref (operating max),0.8,0.0,perfusion_handles_all,0.0,perfusion_handles_all,0.0,lac,0.0,0.0,10.0,1.5
S_ss = S_ref (operating max),0.8500000000000001,0.0,perfusion_handles_all,0.0,perfusion_handles_all,0.0,lac,0.0,0.0,10.0,1.5
S_ss = S_ref (operating max),0.9,0.0,perfusion_handles_all,0.0,perfusion_handles_all,0.0,lac,0.0,0.0,10.0,1.5
S_ss = S_ref (operating max),0.9500000000000001,0.0,perfusion_handles_all,0.0,perfusion_handles_all,0.0,lac,0.0,0.0,10.0,1.5
S_ss = S_ref (operating max),1.0,0.0,perfusion_handles_all,0.0,perfusion_handles_all,0.0,lac,0.0,0.0,10.0,1.5
S_ss = 0.5 x S_ref,0.0,167.0237810244571,balance_ok,71.93179811536582,balance_ok,167.0237810244571,lac,474.176076040362,204.21246342086596,5.0,0.75
S_ss = 0.5 x S_ref,0.05,88.787644766485,balance_ok,59.355149819407025,balance_ok,88.787644766485,lac,252.0657641564984,168.5076931052891,5.0,0.75
S_ss = 0.5 x S_ref,0.1,10.55150850851292,balance_ok,46.77850152344823,balance_ok,46.77850152344823,nh4,29.95545227263491,132.8029227897122,5.0,0.75
S_ss = 0.5 x S_ref,0.15000000000000002,0.0,perfusion_handles_all,34.20185322748942,balance_ok,34.20185322748942,nh4,0.0,97.09815247413532,5.0,0.75
S_ss = 0.5 x S_ref,0.2,0.0,perfusion_handles_all,21.62520493153063,balance_ok,21.62520493153063,nh4,0.0,61.39338215855845,5.0,0.75
S_ss = 0.5 x S_ref,0.25,0.0,perfusion_handles_all,9.048556635571837,balance_ok,9.048556635571837,nh4,0.0,25.688611842981594,5.0,0.75
S_ss = 0.5 x S_ref,0.30000000000000004,0.0,perfusion_handles_all,0.0,perfusion_handles_all,0.0,lac,0.0,0.0,5.0,0.75
S_ss = 0.5 x S_ref,0.35000000000000003,0.0,perfusion_handles_all,0.0,perfusion_handles_all,0.0,lac,0.0,0.0,5.0,0.75
S_ss = 0.5 x S_ref,0.4,0.0,perfusion_handles_all,0.0,perfusion_handles_all,0.0,lac,0.0,0.0,5.0,0.75
S_ss = 0.5 x S_ref,0.45,0.0,perfusion_handles_all,0.0,perfusion_handles_all,0.0,lac,0.0,0.0,5.0,0.75
S_ss = 0.5 x S_ref,0.5,0.0,perfusion_handles_all,0.0,perfusion_handles_all,0.0,lac,0.0,0.0,5.0,0.75
S_ss = 0.5 x S_ref,0.55,0.0,perfusion_handles_all,0.0,perfusion_handles_all,0.0,lac,0.0,0.0,5.0,0.75
S_ss = 0.5 x S_ref,0.6000000000000001,0.0,perfusion_handles_all,0.0,perfusion_handles_all,0.0,lac,0.0,0.0,5.0,0.75
S_ss = 0.5 x S_ref,0.65,0.0,perfusion_handles_all,0.0,perfusion_handles_all,0.0,lac,0.0,0.0,5.0,0.75
S_ss = 0.5 x S_ref,0.7000000000000001,0.0,perfusion_handles_all,0.0,perfusion_handles_all,0.0,lac,0.0,0.0,5.0,0.75
S_ss = 0.5 x S_ref,0.75,0.0,perfusion_handles_all,0.0,perfusion_handles_all,0.0,lac,0.0,0.0,5.0,0.75
S_ss = 0.5 x S_ref,0.8,0.0,perfusion_handles_all,0.0,perfusion_handles_all,0.0,lac,0.0,0.0,5.0,0.75
S_ss = 0.5 x S_ref,0.8500000000000001,0.0,perfusion_handles_all,0.0,perfusion_handles_all,0.0,lac,0.0,0.0,5.0,0.75
S_ss = 0.5 x S_ref,0.9,0.0,perfusion_handles_all,0.0,perfusion_handles_all,0.0,lac,0.0,0.0,5.0,0.75
S_ss = 0.5 x S_ref,0.9500000000000001,0.0,perfusion_handles_all,0.0,perfusion_handles_all,0.0,lac,0.0,0.0,5.0,0.75
S_ss = 0.5 x S_ref,1.0,0.0,perfusion_handles_all,0.0,perfusion_handles_all,0.0,lac,0.0,0.0,5.0,0.75
S_ss = 0.25 x S_ref,0.0,167.0237810244571,balance_ok,71.93179811536582,balance_ok,167.0237810244571,lac,474.176076040362,204.21246342086596,2.5,0.375
S_ss = 0.25 x S_ref,0.05,132.25216490980281,balance_ok,70.07388416255372,balance_ok,132.25216490980281,lac,375.4603818697559,198.93789507879208,2.5,0.375
S_ss = 0.25 x S_ref,0.1,97.48054879514856,balance_ok,68.21597020974163,balance_ok,97.48054879514856,lac,276.7446876991499,193.66332673671823,2.5,0.375
S_ss = 0.25 x S_ref,0.15000000000000002,62.7089326804943,balance_ok,66.35805625692953,balance_ok,66.35805625692953,nh4,178.02899352854388,188.38875839464436,2.5,0.375
S_ss = 0.25 x S_ref,0.2,27.937316565840046,balance_ok,64.50014230411745,balance_ok,64.50014230411745,nh4,79.31329935793791,183.11419005257054,2.5,0.375
S_ss = 0.25 x S_ref,0.25,0.0,perfusion_handles_all,62.64222835130535,balance_ok,62.64222835130535,nh4,0.0,177.8396217104967,2.5,0.375
S_ss = 0.25 x S_ref,0.30000000000000004,0.0,perfusion_handles_all,60.78431439849325,balance_ok,60.78431439849325,nh4,0.0,172.5650533684228,2.5,0.375
S_ss = 0.25 x S_ref,0.35000000000000003,0.0,perfusion_handles_all,58.92640044568115,balance_ok,58.92640044568115,nh4,0.0,167.29048502634896,2.5,0.375
S_ss = 0.25 x S_ref,0.4,0.0,perfusion_handles_all,57.06848649286907,balance_ok,57.06848649286907,nh4,0.0,162.01591668427514,2.5,0.375
S_ss = 0.25 x S_ref,0.45,0.0,perfusion_handles_all,55.21057254005697,balance_ok,55.21057254005697,nh4,0.0,156.74134834220126,2.5,0.375
S_ss = 0.25 x S_ref,0.5,0.0,perfusion_handles_all,53.352658587244875,balance_ok,53.352658587244875,nh4,0.0,151.4667800001274,2.5,0.375
S_ss = 0.25 x S_ref,0.55,0.0,perfusion_handles_all,51.49474463443278,balance_ok,51.49474463443278,nh4,0.0,146.19221165805354,2.5,0.375
S_ss = 0.25 x S_ref,0.6000000000000001,0.0,perfusion_handles_all,49.63683068162068,balance_ok,49.63683068162068,nh4,0.0,140.91764331597966,2.5,0.375
S_ss = 0.25 x S_ref,0.65,0.0,perfusion_handles_all,47.77891672880858,balance_ok,47.77891672880858,nh4,0.0,135.6430749739058,2.5,0.375
S_ss = 0.25 x S_ref,0.7000000000000001,0.0,perfusion_handles_all,45.921002775996485,balance_ok,45.921002775996485,nh4,0.0,130.36850663183193,2.5,0.375
S_ss = 0.25 x S_ref,0.75,0.0,perfusion_handles_all,44.0630888231844,balance_ok,44.0630888231844,nh4,0.0,125.09393828975813,2.5,0.375
S_ss = 0.25 x S_ref,0.8,0.0,perfusion_handles_all,42.2051748703723,balance_ok,42.2051748703723,nh4,0.0,119.81936994768427,2.5,0.375
S_ss = 0.25 x S_ref,0.8500000000000001,0.0,perfusion_handles_all,40.347260917560206,balance_ok,40.347260917560206,nh4,0.0,114.5448016056104,2.5,0.375
S_ss = 0.25 x S_ref,0.9,0.0,perfusion_handles_all,38.489346964748115,balance_ok,38.489346964748115,nh4,0.0,109.27023326353655,2.5,0.375
S_ss = 0.25 x S_ref,0.9500000000000001,0.0,perfusion_handles_all,36.63143301193602,balance_ok,36.63143301193602,nh4,0.0,103.99566492146269,2.5,0.375
S_ss = 0.25 x S_ref,1.0,0.0,perfusion_handles_all,34.77351905912392,balance_ok,34.77351905912392,nh4,0.0,98.72109657938883,2.5,0.375
